State,Abbreviation,PhysicalActivity2023,PhysicalInactivity2022,Smoking2022,Smoking2023,CvdMortality2022,CvdRateType
Alabama,AL,56.3,29.1,15.6,14.2,454.8,"Age-adjusted, 3-year Average Rate"
Alaska,AK,65.0,21.5,15.9,15.3,276.8,"Age-adjusted, 3-year Average Rate"
Arizona,AZ,63.1,23.4,12.7,10.0,291.9,"Age-adjusted, 3-year Average Rate"
Arkansas,AR,52.8,31.1,18.7,15.0,434.3,"Age-adjusted, 3-year Average Rate"
California,CA,62.2,21.9,9.7,8.5,277.1,"Age-adjusted, 3-year Average Rate"
Colorado,CO,67.0,16.8,10.7,10.2,253.9,"Age-adjusted, 3-year Average Rate"
Connecticut,CT,57.3,23.1,10.0,8.4,261.4,"Age-adjusted, 3-year Average Rate"
Delaware,DE,59.9,23.5,12.9,11.4,307.5,"Age-adjusted, 3-year Average Rate"
District of Columbia,DC,67.8,15.1,10.6,9.8,341.2,"Age-adjusted, 3-year Average Rate"
Florida,FL,60.0,24.5,11.3,10.5,277.3,"Age-adjusted, 3-year Average Rate"
Georgia,GA,58.8,23.8,12.5,12.0,358.8,"Age-adjusted, 3-year Average Rate"
Hawaii,HI,63.8,21.3,10.0,9.0,243.3,"Age-adjusted, 3-year Average Rate"
Idaho,ID,64.7,21.5,11.9,10.4,302.6,"Age-adjusted, 3-year Average Rate"
Illinois,IL,61.2,22.8,12.4,10.8,321,"Age-adjusted, 3-year Average Rate"
Indiana,IN,61.9,27.5,16.2,14.4,361.3,"Age-adjusted, 3-year Average Rate"
Iowa,IA,58.6,25.9,14.7,13.7,347.7,"Age-adjusted, 3-year Average Rate"
Kansas,KS,58.5,23.3,14.5,13.9,334.8,"Age-adjusted, 3-year Average Rate"
Kentucky,KY,,26.4,17.4,,401.8,"Age-adjusted, 3-year Average Rate"
Louisiana,LA,54.5,28.3,16.7,15.7,436.4,"Age-adjusted, 3-year Average Rate"
Maine,ME,66.1,22.6,15.0,14.0,320.2,"Age-adjusted, 3-year Average Rate"
Maryland,MD,59.8,21.2,9.6,9.1,302.6,"Age-adjusted, 3-year Average Rate"
Massachusetts,MA,63.5,21.3,10.4,9.8,255.5,"Age-adjusted, 3-year Average Rate"
Michigan,MI,59.1,23.9,15.2,13.6,398,"Age-adjusted, 3-year Average Rate"
Minnesota,MN,62.3,20.5,13.0,12.2,237.7,"Age-adjusted, 3-year Average Rate"
Mississippi,MS,51.2,31.9,17.4,15.6,475,"Age-adjusted, 3-year Average Rate"
Missouri,MO,53.9,25.3,16.8,15.3,381.3,"Age-adjusted, 3-year Average Rate"
Montana,MT,66.3,19.6,15.2,12.4,324.1,"Age-adjusted, 3-year Average Rate"
Nebraska,NE,60.0,24.7,13.0,12.1,306.2,"Age-adjusted, 3-year Average Rate"
Nevada,NV,58.3,26.1,14.8,14.2,379.6,"Age-adjusted, 3-year Average Rate"
New Hampshire,NH,63.3,20.0,11.2,10.4,291.9,"Age-adjusted, 3-year Average Rate"
New Jersey,NJ,59.3,23.3,10.4,9.1,294.8,"Age-adjusted, 3-year Average Rate"
New Mexico,NM,61.6,24.2,15.0,12.2,307.8,"Age-adjusted, 3-year Average Rate"
New York,NY,58.4,25.6,11.2,9.3,306.8,"Age-adjusted, 3-year Average Rate"
North Carolina,NC,59.9,23.1,14.5,13.2,321.3,"Age-adjusted, 3-year Average Rate"
North Dakota,ND,63.5,24.0,15.1,13.4,300.9,"Age-adjusted, 3-year Average Rate"
Ohio,OH,58.0,25.1,17.1,15.0,375.6,"Age-adjusted, 3-year Average Rate"
Oklahoma,OK,51.1,29.5,15.6,15.8,498.8,"Age-adjusted, 3-year Average Rate"
Oregon,OR,67.0,19.0,12.4,10.6,282.1,"Age-adjusted, 3-year Average Rate"
Pennsylvania,PA,,22.5,14.9,,336.2,"Age-adjusted, 3-year Average Rate"
Rhode Island,RI,57.3,24.2,11.8,9.5,298.6,"Age-adjusted, 3-year Average Rate"
South Carolina,SC,59.1,26.0,15.4,12.1,351.2,"Age-adjusted, 3-year Average Rate"
South Dakota,SD,59.3,23.4,14.0,15.2,299.8,"Age-adjusted, 3-year Average Rate"
Tennessee,TN,57.6,27.7,18.5,17.0,420.5,"Age-adjusted, 3-year Average Rate"
Texas,TX,56.5,25.5,11.8,11.3,336.1,"Age-adjusted, 3-year Average Rate"
Utah,UT,65.1,16.9,6.7,5.9,313.7,"Age-adjusted, 3-year Average Rate"
Vermont,VT,66.5,19.8,13.0,11.3,319.3,"Age-adjusted, 3-year Average Rate"
Virginia,VA,63.5,20.9,12.1,10.9,310.8,"Age-adjusted, 3-year Average Rate"
Washington,WA,66.5,17.5,10.0,9.0,275.8,"Age-adjusted, 3-year Average Rate"
West Virginia,WV,53.1,30.2,21.0,20.4,410.6,"Age-adjusted, 3-year Average Rate"
Wisconsin,WI,58.0,21.9,14.2,12.0,327,"Age-adjusted, 3-year Average Rate"
Wyoming,WY,60.9,22.6,15.5,14.0,302,"Age-adjusted, 3-year Average Rate"
